aaaaaaa;-1.34122
b;-0.725231
b;1.3891
b;-1.31006
c;0.143499
b;0.990684
aaaaaaa;0.234588
aaaaaaa;-0.784707
b;0.0932181
